x,y
0.000000000000000000e+00,0.000000000000000000e+00
8.329862557267804224e-01,8.159865362221522256e-01
1.665972511453560845e+00,1.597973633435048058e+00
2.498958767180341489e+00,2.345961291638687829e+00
3.331945022907121690e+00,3.059949510833070985e+00
4.164931278633902778e+00,3.739938291018198413e+00
4.997917534360682978e+00,4.385927632194068337e+00
5.830903790087463179e+00,4.997917534360682978e+00
6.663890045814243379e+00,5.575907997518040560e+00
7.496876301541024468e+00,6.119899021666142858e+00
8.329862557267805556e+00,6.629890606804988096e+00
9.162848812994585757e+00,7.105882752934577162e+00
9.995835068721365957e+00,7.547875460054909169e+00
1.082882132444814616e+01,7.955868728165985004e+00
1.166180758017492636e+01,8.329862557267803780e+00
1.249479383590170656e+01,8.669856947360367272e+00
1.332778009162848676e+01,8.975851898443675481e+00
1.416076634735526696e+01,9.247847410517724853e+00
1.499375260308204894e+01,9.485843483582520719e+00
1.582673885880882736e+01,9.689840117638059525e+00
1.665972511453561111e+01,9.859837312684341271e+00
1.749271137026238776e+01,9.995835068721365957e+00
1.832569762598917151e+01,1.009783338574913714e+01
1.915868388171595171e+01,1.016583226376764770e+01
1.999167013744273191e+01,1.019983170277690476e+01
2.082465639316951211e+01,1.019983170277690476e+01
2.165764264889629231e+01,1.016583226376764948e+01
2.249062890462307251e+01,1.009783338574913536e+01
2.332361516034985272e+01,9.995835068721364181e+00
2.415660141607663292e+01,9.859837312684341271e+00
2.498958767180341312e+01,9.689840117638057748e+00
2.582257392753019332e+01,9.485843483582520719e+00
2.665556018325697352e+01,9.247847410517724853e+00
2.748854643898375727e+01,8.975851898443675481e+00
2.832153269471053392e+01,8.669856947360369048e+00
2.915451895043731767e+01,8.329862557267805556e+00
2.998750520616409787e+01,7.955868728165985004e+00
3.082049146189087452e+01,7.547875460054914498e+00
3.165347771761765472e+01,7.105882752934579827e+00
3.248646397334443492e+01,6.629890606804984543e+00
3.331945022907122222e+01,6.119899021666142858e+00
3.415243648479800243e+01,5.575907997518040560e+00
3.498542274052477552e+01,4.997917534360684755e+00
3.581840899625155572e+01,4.385927632194068337e+00
3.665139525197834303e+01,3.739938291018205518e+00
3.748438150770512323e+01,3.059949510833071429e+00
3.831736776343190343e+01,2.345961291638687385e+00
3.915035401915867652e+01,1.597973633435046281e+00
3.998334027488546383e+01,8.159865362221552232e-01
4.081632653061224403e+01,0.000000000000000000e+00
